attleborolandtrust,http://attleborolandtrust.org/
barringtonrilandconservationtrust,http://blct.org/blct/
barnstablelandtrustinc,http://blt.org/
barnstablelandtrust,http://blt.org/
brewsterconservationtrust,http://brewsterconservationtrust.org/
camplionoflynn,http://camp-lion.org/
chicopeesportsmens,http://chicopeesportsmensclub.com/
cohassetconservationtrust,http://cohassetconservationtrust.org/
dennisconservationtrust,http://dennisconservationtrust.org/
dartmouthnaturalresourcestrust,http://dnrt.org/
dunstablerurallandtrust,http://drlt.org/
duxburyruralandhistoricalsociety,http://duxburyhistory.org/
eastquabbinlandtrustinc,http://eqlt.org/
fairhavenacushnetlandpreservationtrust,http://falpt.org/
cityofgloucester,http://gloucester-ma.gov/
greenbeltlandtrust,http://greenbeltlandtrust.org/
hinghamlandconservationtrust,http://hinghamlandtrust.org/
metacometlandtrust,http://metacometlandtrust.org/
minnechauglandtrust,http://minnechauglandtrust.org/
nashobaconservationtrust,http://nashobatrust.org/
newenglandforestryfoundation,http://newenglandforestry.org/
nissitissitriverlandtrust,http://nissitissitriver.org/
newmarlboroughlandpreservationtrust,http://nmlandtrust.org/
orendawildlifelandtrust,http://orendalandtrust.org/wildlife/
orleansconservationtrust,http://orleansconservationtrust.org/
saltpondareasbirdsanctuaries,http://saltpondsanctuaries.org/
sandwichconservationtrust,http://sandwichconservationtrust.blogspot.com/
townofseekonk,http://seekonk-ma.gov/pages/index
sippicanlandstrust,http://sippicanlandstrust.org/
belchertownhistoricalassociation,http://stonehousemuseum.org/
swiftriversportsmeninc,http://swiftriversportsmans.org/
townofbuckland,http://town.buckland.ma.us/
townofstockbridge,http://townofstockbridge.com/
truroconservationtrust,http://truroconservationtrust.org/
warehamlandtrust,http://warehamlandtrust.org/
williamstownrurallandsfoundation,http://wrlf.org/
actonconservationtrust,http://www.actonconservationtrust.org/
agawambowmansclub,http://www.agawambowmen.org/
agawamrevovlerclub,http://www.agawamrevolverclub.com/
agawamrevolverclub,http://www.agawamrevolverclub.com/
agawamsportsmanclub,http://www.agawamrevolverclub.com/
amesriflepistolclub,http://www.amesriflepistolclub.com/
amicamutualinsurancecompany,http://www.amica.com/en.html
townofaquinnah,http://www.aquinnah-ma.gov/
townofashburnham,http://www.ashburnham-ma.gov/
townofathol,http://www.athol-ma.gov/
auburnsportsmncl,http://www.auburnsportsmansclub.com/
ayersportsmensclub,http://www.ayergunclub.org/
bassriverrodandgunclub,http://www.bassriverrodandgun.com/
townofbelchertown,http://www.belchertown.org/
townofbelmont,http://www.belmont-ma.gov/
cityofbeverly,http://www.beverlyma.gov/
boltonconservationtrust,http://www.boltonconservationtrust.org/
romancatholicarchdioceseofboston,http://www.bostoncatholic.org/
bostonredevelopmentauthority,http://www.bostonplans.org/
bourneconservationtrust,http://www.bourneconservationtrust.org/
townofboxborough,http://www.boxborough-ma.gov/
townofbrewster,http://www.brewster-ma.gov/
cityofbrockton,http://www.brockton.ma.us/
townofbrookline,http://www.brooklinema.gov/
boxfordtrailassociationboxfordopenlandtrustinc,http://www.btabolt.org/
townofburlington,http://www.burlington.org/
camphoweinc,http://www.camphowe.com/
townofcarlisle,http://www.carlislema.gov/Pages/index
cityofchicopee,http://www.chicopeema.gov/
townofashby,http://www.ci.ashby.ma.us/
cityoffitchburg,http://www.ci.fitchburg.ma.us/
cityofhaverhill,http://www.ci.haverhill.ma.us/
cityoflynn,http://www.ci.lynn.ma.us/
cityofmalden,http://www.cityofmalden.org/
cityofmethuen,http://www.cityofmethuen.net/
cityofpittsfield,http://www.cityofpittsfield.org/
townofwestfield,http://www.cityofwestfield.org/
cityofwestfield,http://www.cityofwestfield.org/
clarkartmuseum,http://www.clarkart.edu/
concordlandconservationtrust,http://www.concordland.org/
townofconcord,http://www.concordnet.org/
townofdalton,http://www.dalton-ma.gov/
townofdedham,http://www.dedham-ma.gov/
doverlandconservationtrust,http://www.doverlandtrust.org/
townofdover,http://www.doverma.org/
dudleyconservationlandtrust,http://www.dudleyclt.org/
townofeastbridgewater,http://www.eastbridgewaterma.org/Public_Documents/index
townofeaston,http://www.easton.ma.us/
egremontlandtrust,http://www.egremontlandtrust.org/
townoferving,http://www.erving-ma.org/
fairviewsportsmen,http://www.fairviewsportsmansclub.com/
townoffalmouth,http://www.falmouthmass.us/
townoffoxborough,http://www.foxboroughma.gov/Pages/index
franklinlandtrust,http://www.franklinlandtrust.org/
grotonconservationtrust,http://www.gctrust.org/
girlsclubofgreenfield,http://www.girlsclubofgreenfield.org/
girlscoutsofamerica,http://www.girlscouts.org/
gordoncollege,http://www.gordon.edu/
townofgrotonwaterdepartment,http://www.grotonwater.org/
greaterworcesterlandtrust,http://www.gwlt.org/
townofhadley,http://www.hadleyma.org/
townofhalifax,http://www.halifax.ma.us/Pages/index
hamiltonrgclub,http://www.hamiltonrg.org/calendar.htm
townofhanover,http://www.hanover-ma.gov/
townofharwich,http://www.harwich-ma.gov/
turfmeadowrealestatetrust,http://www.highmeadowrealtytrust.com/
townofholbrook,http://www.holbrookma.gov/Pages/index
townofholden,http://www.holdenma.gov/
cityofholyoke,http://www.holyoke.org/
hopkintonarealandtrust,http://www.hopkintonlandtrust.org/
townofhopkinton,http://www.hopkintonma.gov/
townofkingston,http://www.kingstonmass.org/
lancasterlandtrust,http://www.lancasterlandtrust.org/
cityofleominster,http://www.leominster-ma.gov/
townofleverett,http://www.leverett.ma.us/
townofludlow,http://www.ludlow.ma.us/home.htm
townoflunenburg,http://www.lunenburgma.gov/
townofmansfield,http://www.mansfieldma.com/
massachusettshighwaydepartment,http://www.massdot.state.ma.us/Highway/
massachusettslandconservationtrust,http://www.massland.org/
manchesteressexconservationtrustinc,http://www.mect.org/
essexconservationtrust,http://www.mect.org/
townofmendon,http://www.mendonma.gov/
townofmerrimac,http://www.merrimac01860.info/
townofmillbury,http://www.millbury-ma.org/public_documents/index
boyscoutsofamericamohegancouncil,http://www.mohegancouncilbsa.org/
townofmontague,http://www.montague.net/
montereypreservationlandtrust,http://www.mplt.org/
marthasvineyardlandbank,http://www.mvlandbank.com/
massachusettswaterresourcesauthority,http://www.mwra.com/
myopiahuntclub,http://www.myopiahuntclub.com/Club/Scripts/Home/home.asp
townofnahant,http://www.nahant.org/
townofnatick,http://www.natickma.gov/
townofneedham,http://www.needhamma.gov/
newenglandmountainbikeassociationinc,http://www.nemba.org/
cityofnewbedford,http://www.newbedford-ma.gov/
newenglandwildflowersociety,http://www.newenglandwild.org/
cityofnewton,http://www.newtonma.gov/
cityofnorthadams,http://www.northadams-ma.gov/
cityofnorthampton,http://www.northamptonma.gov/
townofnorthbridge,http://www.northbridgemass.org/
landpreservationsocietyofnorton,http://www.nortonlandpreservation.org/
townofnorwood,http://www.norwoodma.gov/
naturalresourcestrustofmansfield,http://www.nrtma.org/
theopacumlandtrustinc,http://www.opacumlt.org/
pascommuckconservationtrust,http://www.pctland.org/
cityofpeabody,http://www.peabody-ma.gov/
princetonlandtrust,http://www.princetonlandtrust.us/
townofprovincetown,http://www.provincetown-ma.gov/
provincetownconservationtrust,http://www.provincetownconservationtrust.org/
rattlesnakeguttertrust,http://www.rattlesnakeguttertrust.org/
rehobothlandtrust,http://www.rehobothlandtrust.org/
townofrowe,http://www.rowe-ma.gov/Pages/index
townofsandwich,http://www.sandwichmass.org/
seekonklandconservationtrust,http://www.seekonklandtrust.org/
spindlerocktrust,http://www.spindlerockclub.org/
cityofspringfield,http://www.springfield-ma.gov/
squamrocklandtrust,http://www.squamrock.org/
townofstoneham,http://www.stoneham-ma.gov/
stowconservationtrust,http://www.stowconservationtrust.org/
townoftewksbury,http://www.tewksbury-ma.gov/
thetrusteesofreservations,http://www.thetrustees.org
cityofbarnstable,http://www.town.barnstable.ma.us/
townofbarnstable,http://www.town.barnstable.ma.us/
townofboxford,http://www.town.boxford.ma.us/Pages/index
townofdennis,http://www.town.dennis.ma.us/
townofnorthborough,http://www.town.northborough.ma.us/
townofpepperell,http://www.town.pepperell.ma.us/
townofswansea,http://www.town.swansea.ma.us/
townofwestwood,http://www.townhall.westwood.ma.us/
townofbarre,http://www.townofbarre.com/
townofbecket,http://www.townofbecket.org/Public_Documents/index
townofberlin,http://www.townofberlin.com/
townofbernardston,http://www.townofbernardston.org/
townofbolton,http://www.townofbolton.com/
townofbraintree,http://www.townofbraintreegov.org/
townofcharlton,http://www.townofcharlton.net/
townofgrotonconservationcommission,http://www.townofgroton.org/Town/BoardsCommittees/ConservationCommission.aspx
townofhatfield,http://www.townofhatfield.org/
townofholliston,http://www.townofholliston.us/
townofhollistonconservationcommission,http://www.townofholliston.us/conservation-commission
townofhudson,http://www.townofhudson.org/Public_Documents/index
townofmaynard,http://www.townofmaynard-ma.gov/
townofmiddleton,http://www.townofmiddleton.org/
townofpalmer,http://www.townofpalmer.com/
townofrutland,http://www.townofrutland.org/Pages/index
townofware,http://www.townofware.com/
cityofwestspringfield,http://www.townofwestspringfield.org/
townofwinchendon,http://www.townofwinchendon.com/
uppercharlesconservationinc,http://www.uppercharles.org/
uppercharlesconservationlandtrust,http://www.uppercharles.org/
armycorpsofengineers,http://www.usace.army.mil/
townofwakefield,http://www.wakefield.ma.us/
townofwalpole,http://www.walpole-ma.gov/
townofwellfleet,http://www.wellfleet-ma.gov/
townofwestbridgewater,http://www.westbridgewaterma.org/
westonforestandtrailassociation,http://www.weston.org/489/Weston-Trail-Maps
cityofweymouth,http://www.weymouth.ma.us/
townofwilbraham,http://www.wilbraham-ma.gov/
cityofworcester,http://www.worcesterma.gov/
townofwrentham,http://www.wrentham.ma.us/
yarmouthconservationtrust,http://www.yarmouthconservationtrust.org/
townofandover,https://andoverma.gov/
ashfieldrodandgunclub,https://argc.weebly.com/
chathamconservationfoundation,https://chathamconservationfoundation.org/
worcestercounty4hclub,https://extension.umd.edu/worcester-county/worcester-county-4-h-youth
halereservation,https://halereservation.org/
harvardconservationtrust,https://harvardconservationtrust.org/
lincolnlandconservationtrust,https://lincolnconservation.org/
littletonconservationtrust,https://littletonconservationtrust.org/
massachusettsbaytransitauthority,https://mbta.com/
sheriffsmeadowfoundation,https://sheriffsmeadow.org/
townofsudbury,https://sudbury.ma.us/
townsendconservationtrust,https://townsendconservationlandtrust.org/
wellfleetconservationtrust,https://wellfleetconservationtrust.org/
westfordconservationtrust,https://westfordconservationtrust.org/
townofwestford,https://westfordma.gov/
westfordconservationcommission,https://westfordma.gov/296/Conservation-Commission
westportlandconservationtrust,https://westportlandtrust.org/
wildlandstrustofsoutheasternmassachusetts,https://wildlandstrust.org/
townofacton,https://www.acton-ma.gov/
makepeaceco,https://www.admakepeace.com/
townofagawam,https://www.agawam.ma.us/
cityofagawam,https://www.agawam.ma.us/
cityofamesbury,https://www.amesburyma.gov/
amherstcollege,https://www.amherst.edu/
townofamherst,https://www.amherstma.gov/
analogiccorp,https://www.analogic.com/
townofarlington,https://www.arlingtonma.gov/
townofashland,https://www.ashlandmass.com/
avis,https://www.avis.com/en/home
ayer,https://www.ayer.ma.us/
townofayer,https://www.ayer.ma.us/
countyofbarnstable,https://www.barnstablecounty.org/
baypathcollege,https://www.baypath.edu/
townofbedford,https://www.bedfordma.gov/
boyscluboflynn,https://www.bgcl.org/
berkshirenaturalresourcescouncilinc,https://www.bnrc.org/
cityofboston,https://www.boston.gov/
townofbridgewater,https://www.bridgewaterma.org/
bostonsymphonyorchestra,https://www.bso.org/
townofwilliamsburg,https://www.burgy.org/
cityofcambridge,https://www.cambridgema.gov/
townofchatham,https://www.chatham-ma.gov/
townoflancaster,https://www.ci.lancaster.ma.us/
cityofwaltham,https://www.city.waltham.ma.us/
cityofattleboro,https://www.cityofattleboro.us/
cityofmelrose,https://www.cityofmelrose.org/
cityofnewburyport,https://www.cityofnewburyport.com/
townofcohasset,https://www.cohassetma.org/
townofdanvers,https://www.danversma.gov/
unitedstatesdepartmentoftheinterior,https://www.doi.gov/
dracutlandtrust,https://www.dracutma.gov/community-preservation-committee/files/dracut-land-trust-brochure
townofeastham,https://www.eastham-ma.gov/
easthamconservationfoundation,https://www.easthamcf.org/
cityofeasthampton,https://www.easthampton.org/
essexcountygreenbeltassociation,https://www.ecga.org/
ecga,https://www.ecga.org/
essexcountygreenbeltassocation,https://www.ecga.org/
townofedgartown,https://www.edgartown-ma.us/
amesburyimprovementassociation,https://www.facebook.com/amesburyimprovement/
angletreestonerodandgunclub,https://www.facebook.com/AngletreeRGC/
capecodbeagleclub,https://www.facebook.com/capecodbeagleclub/
readingopenlandtrust,https://www.facebook.com/ReadingOpenLandTrust/
townoffairhaven,https://www.fairhaven-ma.gov/
cityoffallriver,https://www.fallriverma.org/
townofframingham,https://www.framinghamma.gov/
unitedstatesfishandwildlifeservice,https://www.fws.gov/
townofgeorgetown,https://www.georgetownma.gov/
gibbethillfarmllc,https://www.gibbethillfarm.com/
townofgrafton,https://www.grafton-ma.gov/
townofhanson,https://www.hanson-ma.gov/
harvarduniversity,https://www.harvard.edu/
townofharvard,https://www.harvard.ma.us/
townofharvardconservation,https://www.harvard.ma.us/conservation-commission
harvardconservationcommission,https://www.harvard.ma.us/conservation-commission
townofhingham,https://www.hingham-ma.gov/
townofhopedale,https://www.hopedale-ma.gov/
townofipswich,https://www.ipswichma.gov/
thekestreltrust,https://www.kestreltrust.org/
kestreltrust,https://www.kestreltrust.org/
kestrellandtrust,https://www.kestreltrust.org/
americanlegion,https://www.legion.org/
townoflexington,https://www.lexingtonma.gov/
townoflittleton,https://www.littletonma.org/
cityoflowell,https://www.lowellma.gov/
townofmanchesterbythesea,https://www.manchester.ma.us/
manometbirdobservationtrust,https://www.manomet.org/
townofmarblehead,https://www.marblehead.org/
cityofmarlborough,https://www.marlborough-ma.gov/
townofmarshfield,https://www.marshfield-ma.gov/
townofmashpee,https://www.mashpeema.gov/
commonwealthofmassachusetts,https://www.mass.gov/
dcrdivisionofstateparksandrecreation,https://www.mass.gov/orgs/department-of-conservation-recreation
dcrdivisionofstateparksandrecreationdepartmentoffishandgame,https://www.mass.gov/orgs/department-of-conservation-recreation
dcrdivisionofurbanparksandrecreation,https://www.mass.gov/orgs/department-of-conservation-recreation
massachusettsaudubonsociety,https://www.massaudubon.org/
massport,https://www.massport.com/
townofmattapoisett,https://www.mattapoisett.net/
middlesexcommunitycollege,https://www.middlesex.mass.edu/
townofmilford,https://www.milfordma.gov/
mountgracelandconservationtrust,https://www.mountgrace.org/
nantucketconservationfoundationinc,https://www.nantucketconservation.org/
nanticketislandlandbank,https://www.nantucketlandbank.org/
townofnorthattleborough,https://www.nattleboro.com/
thenatureconservancy,https://www.nature.org/
norfolkcounty,https://www.norfolkcounty.org/
townofnorthandover,https://www.northandoverma.gov/
townofnorthbrookfield,https://www.northbrookfield.net/
townofnorthreading,https://www.northreadingma.gov/
townofnorton,https://www.nortonma.org/
nationalparkservice,https://www.nps.gov
naturalresourcestrustofeaston,https://www.nrtofeaston.org/
appalachianmountainclub,https://www.outdoors.org/
townofpembroke,https://www.pembroke-ma.gov/
townofplymouth,https://www.plymouth-ma.gov/
cityofquincy,https://www.quincyma.gov/
townofrandolph,https://www.randolph-ma.gov/
townofreading,https://www.readingma.gov/
cityofrevere,https://www.revere.org/
townofrockland,https://www.rockland-ma.gov/
townofrockport,https://www.rockportma.gov/
cityofsalem,https://www.salem.com/
salembeverlywatersupplyboard,https://www.salem.com/salem-beverly-water-supply-board
townofscituate,https://www.scituatema.gov/
thesconsettrustinc,https://www.sconsettrust.org/
boyscoutsofamerica,https://www.scouting.org/
townofsherborn,https://www.sherbornma.org/
townofshirley,https://www.shirley-ma.gov/
townofshutesbury,https://www.shutesbury.org/
smithcollege,https://www.smith.edu/
cityofsomerville,https://www.somervillema.gov/
townofsouthampton,https://www.southamptontownny.gov/
townofsouthhadley,https://www.southhadley.org/
townofstow,https://www.stow-ma.gov/
sudburyvalleytrustees,https://www.svtweb.org/
cityoftaunton,https://www.taunton-ma.gov/
stockbridgebowlassociation,https://www.thesba.org/
townoftisbury,https://www.tisburyma.gov/
townoftopsfield,https://www.topsfield-ma.gov/
townofbillerica,https://www.town.billerica.ma.us/
townofduxbury,https://www.town.duxbury.ma.us/
townoflynnfield,https://www.town.lynnfield.ma.us/
townofmedfield,https://www.town.medfield.net/
townoforleans,https://www.town.orleans.ma.us/
townofplympton,https://www.town.plympton.ma.us/
townofsturbridge,https://www.town.sturbridge.ma.us/
townofwestborough,https://www.town.westborough.ma.us/
townofwinthrop,https://www.town.winthrop.ma.us/
townofbourne,https://www.townofbourne.com/
townofchelmsford,https://www.townofchelmsford.us/
townofmedway,https://www.townofmedway.org/
townofmilton,https://www.townofmilton.org/
townofnewbury,https://www.townofnewbury.org/
townofnorwell,https://www.townofnorwell.net/
townofsharon,https://www.townofsharon.net/
townoftownsend,https://www.townsend.ma.us/
trustforpublicland,https://www.tpl.org/
townoftruro,https://www.truro-ma.gov/
tuckernucklandtrust,https://www.tuckernucklandtrust.org/
universityofmassachusetts,https://www.umass.edu/
townofupton,https://www.uptonma.gov/
unitedstatesdepartmentofveteransadministration,https://www.va.gov/
townofwayland,https://www.wayland.ma.us/
wellesleycollege,https://www.wellesley.edu/
townofwellesley,https://www.wellesleyma.gov/
westgrotonwatersupplydistrict,https://www.westgrotonwaterdistrict.org/
townofwesthampton,https://www.westhampton-ma.com/
townofwestminster,https://www.westminster-ma.gov/
townofweston,https://www.weston.org/
whiteoaklandconservationsociety,https://www.whiteoaktrust.org/wp-index.php/
townofwhitman,https://www.whitman-ma.gov/
townofwilmington,https://www.wilmingtonma.gov/
townofwinchester,https://www.winchester.us/
townofwestnewbury,https://www.wnewbury.org/
cityofwoburn,https://www.woburnma.gov/
townofyarmouth,https://www.yarmouth.ma.us/
coyleroyalstontrust,None
allencharles,None
wilbrahamconservationtrust,None
swiftrivervalleytrust,None
outdoorworldinc,None
atholsportsmnsclub,None
saulsfamilytrust,None
lldgrealtytrust,None
accessabilityalternatives,None
200sportsmenclub,None
mountlaurelnomineetrust,None
newenglandpowercompany,None
ymca,None
worcesterhorticulturalsociety,None
boygirlscoutsandcampfiregirls,None
stjohnsprepatoryschoolofworcester,None
clarkuniversitytrust,None
americanchestnutnomineetrust,None
alexanderelaine,None
communitylandtrustinthesouthernberkshiresinc,None
crane,None
aclypa,None
aclyp,None
hamiltonwenhamopenlandtrust,None
miltonlandconservationtrust,None
maximannebtrust,None
mulcahytrustthe,None
halenaumkeagtrust,None
aquarionwaterofmassachusetts,None
antassawamockassociation,None
warrenmantertrustee,None
norwoodheightstrust,None
hogg,None
thejosephrpetranektrust,None
anezisc,None
borghesanirealtytrust,None
blisspondfarmrealtytrust,None
ipswichrealtytrust,None
cityofweymouthtownofbraintree,None
rogersfarmtrust,None
mattapoisettlandtrust,None
windoverrealtytrust,None
annisquamassociation,None
associationofjewishphilanthropiesinc,None
tomahawklanetrust,None
sanctuarycoverrealtytrust,None
ralphinnistrustees,None
collegepondtrust,None
americanyouthhostel,None
arbellalandcompany,None
bettencourttrust,None
amanndavidjean,None
pmcrealtytrust,None
raymondedwardhkatherinecraymondtrustees,None
anthonybeachassociation,None
maloneymaryrkatherinegambinotrustees,None
arbellalandco,None
lockwoodrealtytrust,None
ouellettepeterjtrustee,None
kelsorealtytrust,None
ipswichriverpreservationtrust,None
tanglewoodrealtytrust,None
brandesrtrustees,None
hillresidencerealtytrust,None
athearnestate,None
waldingfieldrealestatetrust,None
camphaleytrust,None
shaplandpetermtrustee,None
rochesterlandtrustinc,None
4sargentroadrealtytrust,None
georgetownroadrealtytrust,None
anastasstephenmartha,None
rochesterlandtrust,None
allenclarissa,None
massachusettsfarmandconservationlandtrust,None
andersonetal,None
the189countyroadtrust,None
lougenomineetrust,None
indiancovetrustees,None
jerusalemroadtrust,None
fayemilyandwalterrevocabletrust,None
haleyjosephwtrusteegreatharborpenzancetrust,None
mckinneysharontrustetal,None
douglassstrusteeofvivianirmadouglassrealtynomineetrust,None
nobskapointrealtytrust,None
dukescounty,None
meadowbrooklandtrust,None
mashpeelandconservationtrust,None
animalrescueleague,None
mmrcommission,None
marybartonlandconservationtrust,None
boyscoutsofamericabostoncouncil,None
orendarealtytrust,None
fivebeverlyroadtrust,None
scandinavianathleticclub,None
monodnocktrustbsa,None
westchoptrust,None
episcopallandtrust,None
felixneckwildlifetrust,None
catatunkwildlifetrust,None
antoinetter,None
townofcanton,None
cityofbostontownofbrookline,None
andovervillageimprovementsociety,None
brooklineconservationlandtrust,None
naturalresourcestrustofplainville,None
batesgeorgepandnancyb,None
peacockfarmstrust,None
bnlandsllc,None
rowelandtrust,None
stanleybeveragefoundation,None
roweunitariancamp,None
arnoldwilliamlvincentj,None
chasere,None
leominsterlandtrust,None
bondmacconnell,None
georgecbealstrust,None
areahomeowners,None
whtdtrust,None
hicksm,None
graftonforestandlandconservationtrust,None
kennedybowers,None
coldspringsrealtytrust,None
southbarnrealtytrust,None
sherburnea,None
nashobafarmtrust,None
philipcbealstrust,None
benevolentprotectiveorderofelks,None
leon,None
aprilwoodsrealtytrust,None
norcrossspringfarmtrust,None
northeast,None
blanchardfarmshomeownersassociation,None
meadowstrust,None
holdenwoodtrust,None
sheffieldlandtrust,None
vandersmissionmmemorialtrust,None
sheffieldlandtrustappalachiantrailconference,None
alexander,None
appalachiantrailconference,None
alsop,None
marianfathers,None
alfordbrookclub,None
walterslandcadenheadktrusteesof846sudburyroadtrust,None
perrymarjorieb,None
oldpickardfarmtrustii,None
cartermlrealtytrustii,None
keyesg,None
korbetmarianktrusteemkkrealtytrust,None
falwellthomaswtrusteeheathtrust,None
schultzjorgensenkathleenfalwellthomaswtrusteesheathtrust,None
kalmiawoodscorporation,None
middlesexschool,None
hammondchasetrust,None
fafardrealestateanddevelopmentcorpandgeneraziorealtytrust,None
freemancharlesandriversedgerealtytrust,None
oldehartfordvillagerealtytrust,None
private,None
134turnpikeroadllc,None
baitingbrookllc,None
santasistarealtytrust,None
wellfleetconservationtrusttownofwellfleet,None
wolfsonjoel,None
northpondtrust,None
aquacircuscapecod,None
harmanwilliammarian,None
theisisfund,None
kissacookiitrust,None
fourseasonsnomineetrust,None
heldjohnlucille,None
larternomineetrust,None
societegeneralefin,None
assetconstruction,None
hayricktrust,None
pondnomineetrust,None
waysidecrossingtrust,None
avalonmills,None
mlcarterrealtytrust,None
thetrustees,None
carlislemeadowstrust,None
knoxtrailcouncilboygirlscoutsandcampfiregirls,None
swansealandtrust,None
amesem,None
channingck,None
avonfishgameassociation,None
adams,None
andrews,None
odaylisaaandrootlindamtrusteesofspionkoprealtytrust,None
homesteadrealtytrustpereraguidorjretaltrustees,None
wjgrealtytrust,None
batesdonaldt,None
arnoldchacetrust,None
snowrealtytrust,None
marshwilliamjratwoodcirclenomineetrust,None
galliganrichardetrustee,None
wolfsonrealtytrust,None
quaisepointrealtytrust,None
ahlstromcarlfiiiperryelizabeth,None
earletimothyktrustee,None
labrecquelisactrusteeofbatesrealtytrust,None
fisherdoriscofthefisherfamilytrust,None
borchertkarenktrusteeoftheborchertnomineetrust,None
canopachenomineetrust,None
lafargetrust,None
theanneliebirvintrustof1990liebirvinannetrustee,None
greatpointnomineetrust,None
sibleyfamilyrealtytrust,None
shawtrust,None
usgennewenglandinc,None
plehntrust,None
williamsmas,None
strasburgpaularevtrust,None
massachusettselectriccompany,None
lee,None
fairviewfishandgameclub,None
adlavalley,None
westernmassachusettselectriccompany,None
northfieldmounthermonschool,None
shelburnegrangetrust,None
campanderson,None
jeromejc,None
archbishopwilliamsschool,None
anglersclub,None
wardnerfarmtrust,None
sachsjonathan,None
charlestrust,None
atkinsonhr,None
robertmurraytrust,None
mcdowell,None
dartmouthnaturalresourcestrustthetrusteesofreservations,None
davidroadrealtytrust,None
allenannec,None
algonquinhillhomeownersassociation,None
wilsongrantmhouse3realtytrust,None
medeirosrichardrtrustee,None
richardsonmargretcfisher25nomineetrust,None
stirlingwoodsllc,None
endriunastrusteesofcowaalrealtytrust,None
artemisiarealtytrust,None
paines,None
waldensquaretrust,None
nielsenbakerrealtytrust,None
allandalerealtytrust,None
eustisfa,None
lordr,None
lordfamilyboxfordtrust,None
sargentroadtrust,None
mirrionectrusteeoftwinbrothersrealtytrust,None
hallnomineetrust,None
sylvannomineetrust,None
carletonwillardvillage,None
lewismg,None
summerarealtytrust,None
mackowskifamilytrust,None
brightview,None
bihldorfflymantrust,None
farrellbv,None
lot119trust,None
lloydcotuittrust,None
holmesmanagementtrust,None
redbrooklandtrust,None
trusteesofthesippewissettfarmnomineetrust,None
schleyfamilyrealtytrust,None
nagogrealtytrust,None
beachplumtrust,None
sagamorehighlandstrust,None
northrupbrodskyrealtytrust,None
andersendonaldfandlucilleetrustees,None
knightrobertetaltrustees,None
dangelsummerpropertytrust,None
streeltrusteejeane,None
ingersollrealtytrust,None
luciensandersontrust,None
atkinsondoris,None
wjkllc,None
boysgirlsclubofgreaterholyokeinc,None
willistonnorthamptonschool,None
kinggordondeededtotownofleverettconservationcommission,None
smithellendandnancyv,None
privatelandtrust,None
phelpshatton,None
millbankcondotrust,None
southwoodofhampdenseniorcondominiumtrust,None
agassiz,None
andersonstephenaavatgips,None
frenchrichardemilysamuels,None
tallpinesofhampdenseniorcondominiumtrust,None
footitjeand,None
mockrealtytrust,None
arafatw,None
bostonmainerailroad,None
peircefamilyinvestmenttrust,None
walthamschooldepartment,None
cityofspringfieldwaterdepartment,None
seawrightlilianlandrobertdtrusteeoftheseawrightrealtytrust,None
provincetownconservationtrusttownofprovincetown,None
piedmontllc,None
captainrbforbeshousecharitabletrust,None
thoreaurealtytrust,None
banfieldwalterm,None
antoninojoanaanddimarecharlesj,None
alicethayerfamilytrust,None
